[  
   {  
      "page":1,
      "pages":1,
      "per_page":"5000",
      "total":58
   },
   [  
      {  
         "indicator":{  
            "id":"NY.GDP.MKTP.CD",
            "value":"GDP (current US$)"
         },
         "country":{  
            "id":"US",
            "value":"United States"
         },
         "value":"19390604000000",
         "decimal":"0",
         "date":"2017"
      },
      {  
         "indicator":{  
            "id":"NY.GDP.MKTP.CD",
            "value":"GDP (current US$)"
         },
         "country":{  
            "id":"US",
            "value":"United States"
         },
         "value":"18624475000000",
         "decimal":"0",
         "date":"2016"
      },
      {  
         "indicator":{  
            "id":"NY.GDP.MKTP.CD",
            "value":"GDP (current US$)"
         },
         "country":{  
            "id":"US",
            "value":"United States"
         },
         "value":"18120714000000",
         "decimal":"0",
         "date":"2015"
      },
      {  
         "indicator":{  
            "id":"NY.GDP.MKTP.CD",
            "value":"GDP (current US$)"
         },
         "country":{  
            "id":"US",
            "value":"United States"
         },
         "value":"17427609000000",
         "decimal":"0",
         "date":"2014"
      },
      {  
         "indicator":{  
            "id":"NY.GDP.MKTP.CD",
            "value":"GDP (current US$)"
         },
         "country":{  
            "id":"US",
            "value":"United States"
         },
         "value":"16691517000000",
         "decimal":"0",
         "date":"2013"
      },
      {  
         "indicator":{  
            "id":"NY.GDP.MKTP.CD",
            "value":"GDP (current US$)"
         },
         "country":{  
            "id":"US",
            "value":"United States"
         },
         "value":"16155255000000",
         "decimal":"0",
         "date":"2012"
      },
      {  
         "indicator":{  
            "id":"NY.GDP.MKTP.CD",
            "value":"GDP (current US$)"
         },
         "country":{  
            "id":"US",
            "value":"United States"
         },
         "value":"15517926000000",
         "decimal":"0",
         "date":"2011"
      },
      {  
         "indicator":{  
            "id":"NY.GDP.MKTP.CD",
            "value":"GDP (current US$)"
         },
         "country":{  
            "id":"US",
            "value":"United States"
         },
         "value":"14964372000000",
         "decimal":"0",
         "date":"2010"
      },
      {  
         "indicator":{  
            "id":"NY.GDP.MKTP.CD",
            "value":"GDP (current US$)"
         },
         "country":{  
            "id":"US",
            "value":"United States"
         },
         "value":"14418739000000",
         "decimal":"0",
         "date":"2009"
      },
      {  
         "indicator":{  
            "id":"NY.GDP.MKTP.CD",
            "value":"GDP (current US$)"
         },
         "country":{  
            "id":"US",
            "value":"United States"
         },
         "value":"14718582000000",
         "decimal":"0",
         "date":"2008"
      },
      {  
         "indicator":{  
            "id":"NY.GDP.MKTP.CD",
            "value":"GDP (current US$)"
         },
         "country":{  
            "id":"US",
            "value":"United States"
         },
         "value":"14477635000000",
         "decimal":"0",
         "date":"2007"
      },
      {  
         "indicator":{  
            "id":"NY.GDP.MKTP.CD",
            "value":"GDP (current US$)"
         },
         "country":{  
            "id":"US",
            "value":"United States"
         },
         "value":"13855888000000",
         "decimal":"0",
         "date":"2006"
      },
      {  
         "indicator":{  
            "id":"NY.GDP.MKTP.CD",
            "value":"GDP (current US$)"
         },
         "country":{  
            "id":"US",
            "value":"United States"
         },
         "value":"13093726000000",
         "decimal":"0",
         "date":"2005"
      },
      {  
         "indicator":{  
            "id":"NY.GDP.MKTP.CD",
            "value":"GDP (current US$)"
         },
         "country":{  
            "id":"US",
            "value":"United States"
         },
         "value":"12274928000000",
         "decimal":"0",
         "date":"2004"
      },
      {  
         "indicator":{  
            "id":"NY.GDP.MKTP.CD",
            "value":"GDP (current US$)"
         },
         "country":{  
            "id":"US",
            "value":"United States"
         },
         "value":"11510670000000",
         "decimal":"0",
         "date":"2003"
      },
      {  
         "indicator":{  
            "id":"NY.GDP.MKTP.CD",
            "value":"GDP (current US$)"
         },
         "country":{  
            "id":"US",
            "value":"United States"
         },
         "value":"10977514000000",
         "decimal":"0",
         "date":"2002"
      },
      {  
         "indicator":{  
            "id":"NY.GDP.MKTP.CD",
            "value":"GDP (current US$)"
         },
         "country":{  
            "id":"US",
            "value":"United States"
         },
         "value":"10621824000000",
         "decimal":"0",
         "date":"2001"
      },
      {  
         "indicator":{  
            "id":"NY.GDP.MKTP.CD",
            "value":"GDP (current US$)"
         },
         "country":{  
            "id":"US",
            "value":"United States"
         },
         "value":"10284779000000",
         "decimal":"0",
         "date":"2000"
      },
      {  
         "indicator":{  
            "id":"NY.GDP.MKTP.CD",
            "value":"GDP (current US$)"
         },
         "country":{  
            "id":"US",
            "value":"United States"
         },
         "value":"9660624000000",
         "decimal":"0",
         "date":"1999"
      },
      {  
         "indicator":{  
            "id":"NY.GDP.MKTP.CD",
            "value":"GDP (current US$)"
         },
         "country":{  
            "id":"US",
            "value":"United States"
         },
         "value":"9089168000000",
         "decimal":"0",
         "date":"1998"
      },
      {  
         "indicator":{  
            "id":"NY.GDP.MKTP.CD",
            "value":"GDP (current US$)"
         },
         "country":{  
            "id":"US",
            "value":"United States"
         },
         "value":"8608515000000",
         "decimal":"0",
         "date":"1997"
      },
      {  
         "indicator":{  
            "id":"NY.GDP.MKTP.CD",
            "value":"GDP (current US$)"
         },
         "country":{  
            "id":"US",
            "value":"United States"
         },
         "value":"8100201000000",
         "decimal":"0",
         "date":"1996"
      },
      {  
         "indicator":{  
            "id":"NY.GDP.MKTP.CD",
            "value":"GDP (current US$)"
         },
         "country":{  
            "id":"US",
            "value":"United States"
         },
         "value":"7664060000000",
         "decimal":"0",
         "date":"1995"
      },
      {  
         "indicator":{  
            "id":"NY.GDP.MKTP.CD",
            "value":"GDP (current US$)"
         },
         "country":{  
            "id":"US",
            "value":"United States"
         },
         "value":"7308755000000",
         "decimal":"0",
         "date":"1994"
      },
      {  
         "indicator":{  
            "id":"NY.GDP.MKTP.CD",
            "value":"GDP (current US$)"
         },
         "country":{  
            "id":"US",
            "value":"United States"
         },
         "value":"6878718000000",
         "decimal":"0",
         "date":"1993"
      },
      {  
         "indicator":{  
            "id":"NY.GDP.MKTP.CD",
            "value":"GDP (current US$)"
         },
         "country":{  
            "id":"US",
            "value":"United States"
         },
         "value":"6539299000000",
         "decimal":"0",
         "date":"1992"
      },
      {  
         "indicator":{  
            "id":"NY.GDP.MKTP.CD",
            "value":"GDP (current US$)"
         },
         "country":{  
            "id":"US",
            "value":"United States"
         },
         "value":"6174043000000",
         "decimal":"0",
         "date":"1991"
      },
      {  
         "indicator":{  
            "id":"NY.GDP.MKTP.CD",
            "value":"GDP (current US$)"
         },
         "country":{  
            "id":"US",
            "value":"United States"
         },
         "value":"5979589000000",
         "decimal":"0",
         "date":"1990"
      },
      {  
         "indicator":{  
            "id":"NY.GDP.MKTP.CD",
            "value":"GDP (current US$)"
         },
         "country":{  
            "id":"US",
            "value":"United States"
         },
         "value":"5657693000000",
         "decimal":"0",
         "date":"1989"
      },
      {  
         "indicator":{  
            "id":"NY.GDP.MKTP.CD",
            "value":"GDP (current US$)"
         },
         "country":{  
            "id":"US",
            "value":"United States"
         },
         "value":"5252629000000",
         "decimal":"0",
         "date":"1988"
      },
      {  
         "indicator":{  
            "id":"NY.GDP.MKTP.CD",
            "value":"GDP (current US$)"
         },
         "country":{  
            "id":"US",
            "value":"United States"
         },
         "value":"4870217000000",
         "decimal":"0",
         "date":"1987"
      },
      {  
         "indicator":{  
            "id":"NY.GDP.MKTP.CD",
            "value":"GDP (current US$)"
         },
         "country":{  
            "id":"US",
            "value":"United States"
         },
         "value":"4590155000000",
         "decimal":"0",
         "date":"1986"
      },
      {  
         "indicator":{  
            "id":"NY.GDP.MKTP.CD",
            "value":"GDP (current US$)"
         },
         "country":{  
            "id":"US",
            "value":"United States"
         },
         "value":"4346734000000",
         "decimal":"0",
         "date":"1985"
      },
      {  
         "indicator":{  
            "id":"NY.GDP.MKTP.CD",
            "value":"GDP (current US$)"
         },
         "country":{  
            "id":"US",
            "value":"United States"
         },
         "value":"4040693000000",
         "decimal":"0",
         "date":"1984"
      },
      {  
         "indicator":{  
            "id":"NY.GDP.MKTP.CD",
            "value":"GDP (current US$)"
         },
         "country":{  
            "id":"US",
            "value":"United States"
         },
         "value":"3638137000000",
         "decimal":"0",
         "date":"1983"
      },
      {  
         "indicator":{  
            "id":"NY.GDP.MKTP.CD",
            "value":"GDP (current US$)"
         },
         "country":{  
            "id":"US",
            "value":"United States"
         },
         "value":"3344991000000",
         "decimal":"0",
         "date":"1982"
      },
      {  
         "indicator":{  
            "id":"NY.GDP.MKTP.CD",
            "value":"GDP (current US$)"
         },
         "country":{  
            "id":"US",
            "value":"United States"
         },
         "value":"3210956000000",
         "decimal":"0",
         "date":"1981"
      },
      {  
         "indicator":{  
            "id":"NY.GDP.MKTP.CD",
            "value":"GDP (current US$)"
         },
         "country":{  
            "id":"US",
            "value":"United States"
         },
         "value":"2862505000000",
         "decimal":"0",
         "date":"1980"
      },
      {  
         "indicator":{  
            "id":"NY.GDP.MKTP.CD",
            "value":"GDP (current US$)"
         },
         "country":{  
            "id":"US",
            "value":"United States"
         },
         "value":"2632143000000",
         "decimal":"0",
         "date":"1979"
      },
      {  
         "indicator":{  
            "id":"NY.GDP.MKTP.CD",
            "value":"GDP (current US$)"
         },
         "country":{  
            "id":"US",
            "value":"United States"
         },
         "value":"2356571000000",
         "decimal":"0",
         "date":"1978"
      },
      {  
         "indicator":{  
            "id":"NY.GDP.MKTP.CD",
            "value":"GDP (current US$)"
         },
         "country":{  
            "id":"US",
            "value":"United States"
         },
         "value":"2085951000000",
         "decimal":"0",
         "date":"1977"
      },
      {  
         "indicator":{  
            "id":"NY.GDP.MKTP.CD",
            "value":"GDP (current US$)"
         },
         "country":{  
            "id":"US",
            "value":"United States"
         },
         "value":"1877587000000",
         "decimal":"0",
         "date":"1976"
      },
      {  
         "indicator":{  
            "id":"NY.GDP.MKTP.CD",
            "value":"GDP (current US$)"
         },
         "country":{  
            "id":"US",
            "value":"United States"
         },
         "value":"1688923000000",
         "decimal":"0",
         "date":"1975"
      },
      {  
         "indicator":{  
            "id":"NY.GDP.MKTP.CD",
            "value":"GDP (current US$)"
         },
         "country":{  
            "id":"US",
            "value":"United States"
         },
         "value":"1548825000000",
         "decimal":"0",
         "date":"1974"
      },
      {  
         "indicator":{  
            "id":"NY.GDP.MKTP.CD",
            "value":"GDP (current US$)"
         },
         "country":{  
            "id":"US",
            "value":"United States"
         },
         "value":"1428549000000",
         "decimal":"0",
         "date":"1973"
      },
      {  
         "indicator":{  
            "id":"NY.GDP.MKTP.CD",
            "value":"GDP (current US$)"
         },
         "country":{  
            "id":"US",
            "value":"United States"
         },
         "value":"1282449000000",
         "decimal":"0",
         "date":"1972"
      },
      {  
         "indicator":{  
            "id":"NY.GDP.MKTP.CD",
            "value":"GDP (current US$)"
         },
         "country":{  
            "id":"US",
            "value":"United States"
         },
         "value":"1167770000000",
         "decimal":"0",
         "date":"1971"
      },
      {  
         "indicator":{  
            "id":"NY.GDP.MKTP.CD",
            "value":"GDP (current US$)"
         },
         "country":{  
            "id":"US",
            "value":"United States"
         },
         "value":"1075884000000",
         "decimal":"0",
         "date":"1970"
      },
      {  
         "indicator":{  
            "id":"NY.GDP.MKTP.CD",
            "value":"GDP (current US$)"
         },
         "country":{  
            "id":"US",
            "value":"United States"
         },
         "value":"1019900000000",
         "decimal":"0",
         "date":"1969"
      },
      {  
         "indicator":{  
            "id":"NY.GDP.MKTP.CD",
            "value":"GDP (current US$)"
         },
         "country":{  
            "id":"US",
            "value":"United States"
         },
         "value":"942500000000",
         "decimal":"0",
         "date":"1968"
      },
      {  
         "indicator":{  
            "id":"NY.GDP.MKTP.CD",
            "value":"GDP (current US$)"
         },
         "country":{  
            "id":"US",
            "value":"United States"
         },
         "value":"861700000000",
         "decimal":"0",
         "date":"1967"
      },
      {  
         "indicator":{  
            "id":"NY.GDP.MKTP.CD",
            "value":"GDP (current US$)"
         },
         "country":{  
            "id":"US",
            "value":"United States"
         },
         "value":"815000000000",
         "decimal":"0",
         "date":"1966"
      },
      {  
         "indicator":{  
            "id":"NY.GDP.MKTP.CD",
            "value":"GDP (current US$)"
         },
         "country":{  
            "id":"US",
            "value":"United States"
         },
         "value":"743700000000",
         "decimal":"0",
         "date":"1965"
      },
      {  
         "indicator":{  
            "id":"NY.GDP.MKTP.CD",
            "value":"GDP (current US$)"
         },
         "country":{  
            "id":"US",
            "value":"United States"
         },
         "value":"685800000000",
         "decimal":"0",
         "date":"1964"
      },
      {  
         "indicator":{  
            "id":"NY.GDP.MKTP.CD",
            "value":"GDP (current US$)"
         },
         "country":{  
            "id":"US",
            "value":"United States"
         },
         "value":"638600000000",
         "decimal":"0",
         "date":"1963"
      },
      {  
         "indicator":{  
            "id":"NY.GDP.MKTP.CD",
            "value":"GDP (current US$)"
         },
         "country":{  
            "id":"US",
            "value":"United States"
         },
         "value":"605100000000",
         "decimal":"0",
         "date":"1962"
      },
      {  
         "indicator":{  
            "id":"NY.GDP.MKTP.CD",
            "value":"GDP (current US$)"
         },
         "country":{  
            "id":"US",
            "value":"United States"
         },
         "value":"563300000000",
         "decimal":"0",
         "date":"1961"
      },
      {  
         "indicator":{  
            "id":"NY.GDP.MKTP.CD",
            "value":"GDP (current US$)"
         },
         "country":{  
            "id":"US",
            "value":"United States"
         },
         "value":"543300000000",
         "decimal":"0",
         "date":"1960"
      }
   ]
]